Ano;JFM;FMA;MAM;AMJ;MJJ;JJA;JAS;RMSE;Correlacao;Std;Amplitude;trim_divergente
1965;0,100;0,220;0,360;0,640;1,010;1,330;1,490;0,415;0,993;0,550;1,390;2
1997;-0,030;0,170;0,470;0,830;1,200;1,500;1,840;0,416;0,999;0,696;1,870;2
1972;0,030;0,320;0,510;0,660;0,870;1,140;1,400;0,459;0,990;0,473;1,370;3
1963;-0,120;0,040;0,060;0,010;0,370;0,730;1,080;0,514;0,916;0,444;1,200;4
1982;0,220;0,230;0,460;0,740;0,840;0,890;1,140;0,541;0,981;0,351;0,920;3
2023;-0,680;-0,550;-0,310;-0,040;0,280;0,540;0,790;0,576;0,998;0,556;1,470;4
1976;-0,650;-0,260;-0,140;0,010;0,270;0,520;0,720;0,582;0,987;0,473;1,370;3
1951;0,090;0,480;0,630;0,590;0,690;0,790;0,970;0,622;0,904;0,276;0,880;5
2015;0,470;0,590;0,720;0,890;1,020;1,270;1,540;0,660;0,985;0,381;1,070;3
1957;0,220;0,530;0,830;0,880;0,900;1,030;1,050;0,662;0,900;0,300;0,830;4
