SEAS;YR;ANOM;mes_central;data
DJF;1950;-1,190;1;1950-01-01
JFM;1950;-1,080;2;1950-02-01
FMA;1950;-0,960;3;1950-03-01
MAM;1950;-1,000;4;1950-04-01
AMJ;1950;-0,990;5;1950-05-01
MJJ;1950;-0,750;6;1950-06-01
JJA;1950;-0,380;7;1950-07-01
JAS;1950;-0,320;8;1950-08-01
ASO;1950;-0,290;9;1950-09-01
SON;1950;-0,380;10;1950-10-01
OND;1950;-0,360;11;1950-11-01
NDJ;1950;-0,500;12;1950-12-01
DJF;1951;-0,280;1;1951-01-01
JFM;1951;0,090;2;1951-02-01
FMA;1951;0,480;3;1951-03-01
MAM;1951;0,630;4;1951-04-01
AMJ;1951;0,590;5;1951-05-01
MJJ;1951;0,690;6;1951-06-01
JJA;1951;0,790;7;1951-07-01
JAS;1951;0,970;8;1951-08-01
ASO;1951;1,040;9;1951-09-01
SON;1951;0,980;10;1951-10-01
OND;1951;0,940;11;1951-11-01
NDJ;1951;0,710;12;1951-12-01
DJF;1952;0,650;1;1952-01-01
JFM;1952;0,330;2;1952-02-01
FMA;1952;0,460;3;1952-03-01
MAM;1952;0,240;4;1952-04-01
AMJ;1952;-0,030;5;1952-05-01
MJJ;1952;-0,450;6;1952-06-01
JJA;1952;-0,410;7;1952-07-01
JAS;1952;-0,140;8;1952-08-01
ASO;1952;0,080;9;1952-09-01
SON;1952;0,040;10;1952-10-01
OND;1952;-0,100;11;1952-11-01
NDJ;1952;0,100;12;1952-12-01
DJF;1953;0,400;1;1953-01-01
JFM;1953;0,670;2;1953-02-01
FMA;1953;0,680;3;1953-03-01
MAM;1953;0,720;4;1953-04-01
AMJ;1953;0,940;5;1953-05-01
MJJ;1953;0,840;6;1953-06-01
JJA;1953;0,680;7;1953-07-01
JAS;1953;0,730;8;1953-08-01
ASO;1953;0,650;9;1953-09-01
SON;1953;0,840;10;1953-10-01
OND;1953;0,570;11;1953-11-01
NDJ;1953;0,660;12;1953-12-01
DJF;1954;0,630;1;1954-01-01
JFM;1954;0,630;2;1954-02-01
FMA;1954;0,310;3;1954-03-01
MAM;1954;-0,020;4;1954-04-01
AMJ;1954;-0,240;5;1954-05-01
MJJ;1954;-0,210;6;1954-06-01
JJA;1954;-0,450;7;1954-07-01
JAS;1954;-0,620;8;1954-08-01
ASO;1954;-0,540;9;1954-09-01
SON;1954;-0,310;10;1954-10-01
OND;1954;-0,090;11;1954-11-01
NDJ;1954;-0,180;12;1954-12-01
DJF;1955;-0,120;1;1955-01-01
JFM;1955;-0,140;2;1955-02-01
FMA;1955;-0,130;3;1955-03-01
MAM;1955;-0,380;4;1955-04-01
AMJ;1955;-0,360;5;1955-05-01
MJJ;1955;-0,520;6;1955-06-01
JJA;1955;-0,400;7;1955-07-01
JAS;1955;-0,700;8;1955-08-01
ASO;1955;-0,900;9;1955-09-01
SON;1955;-1,310;10;1955-10-01
OND;1955;-1,400;11;1955-11-01
NDJ;1955;-1,310;12;1955-12-01
DJF;1956;-0,810;1;1956-01-01
JFM;1956;-0,400;2;1956-02-01
FMA;1956;-0,120;3;1956-03-01
MAM;1956;-0,090;4;1956-04-01
AMJ;1956;-0,030;5;1956-05-01
MJJ;1956;-0,010;6;1956-06-01
JJA;1956;-0,150;7;1956-07-01
JAS;1956;-0,180;8;1956-08-01
ASO;1956;-0,120;9;1956-09-01
SON;1956;-0,140;10;1956-10-01
OND;1956;-0,140;11;1956-11-01
NDJ;1956;-0,170;12;1956-12-01
DJF;1957;0,000;1;1957-01-01
JFM;1957;0,220;2;1957-02-01
FMA;1957;0,530;3;1957-03-01
MAM;1957;0,830;4;1957-04-01
AMJ;1957;0,880;5;1957-05-01
MJJ;1957;0,900;6;1957-06-01
JJA;1957;1,030;7;1957-07-01
JAS;1957;1,050;8;1957-08-01
ASO;1957;1,140;9;1957-09-01
SON;1957;1,160;10;1957-10-01
OND;1957;1,450;11;1957-11-01
NDJ;1957;1,750;12;1957-12-01
DJF;1958;1,890;1;1958-01-01
JFM;1958;1,790;2;1958-02-01
FMA;1958;1,310;3;1958-03-01
MAM;1958;0,950;4;1958-04-01
AMJ;1958;0,660;5;1958-05-01
MJJ;1958;0,560;6;1958-06-01
JJA;1958;0,450;7;1958-07-01
JAS;1958;0,260;8;1958-08-01
ASO;1958;0,230;9;1958-09-01
SON;1958;0,240;10;1958-10-01
OND;1958;0,360;11;1958-11-01
NDJ;1958;0,640;12;1958-12-01
DJF;1959;0,770;1;1959-01-01
JFM;1959;0,830;2;1959-02-01
FMA;1959;0,640;3;1959-03-01
MAM;1959;0,480;4;1959-04-01
AMJ;1959;0,330;5;1959-05-01
MJJ;1959;0,090;6;1959-06-01
JJA;1959;-0,110;7;1959-07-01
JAS;1959;-0,230;8;1959-08-01
ASO;1959;-0,070;9;1959-09-01
SON;1959;0,040;10;1959-10-01
OND;1959;0,240;11;1959-11-01
NDJ;1959;0,220;12;1959-12-01
DJF;1960;0,200;1;1960-01-01
JFM;1960;0,190;2;1960-02-01
FMA;1960;0,210;3;1960-03-01
MAM;1960;0,250;4;1960-04-01
AMJ;1960;0,160;5;1960-05-01
MJJ;1960;0,060;6;1960-06-01
JJA;1960;0,120;7;1960-07-01
JAS;1960;0,200;8;1960-08-01
ASO;1960;0,260;9;1960-09-01
SON;1960;0,080;10;1960-10-01
OND;1960;-0,070;11;1960-11-01
NDJ;1960;-0,090;12;1960-12-01
DJF;1961;0,030;1;1961-01-01
JFM;1961;0,080;2;1961-02-01
FMA;1961;0,030;3;1961-03-01
MAM;1961;0,060;4;1961-04-01
AMJ;1961;0,240;5;1961-05-01
MJJ;1961;0,300;6;1961-06-01
JJA;1961;0,200;7;1961-07-01
JAS;1961;-0,070;8;1961-08-01
ASO;1961;-0,230;9;1961-09-01
SON;1961;-0,160;10;1961-10-01
OND;1961;-0,060;11;1961-11-01
NDJ;1961;0,020;12;1961-12-01
DJF;1962;-0,010;1;1962-01-01
JFM;1962;-0,010;2;1962-02-01
FMA;1962;0,000;3;1962-03-01
MAM;1962;-0,160;4;1962-04-01
AMJ;1962;-0,170;5;1962-05-01
MJJ;1962;-0,140;6;1962-06-01
JJA;1962;0,010;7;1962-07-01
JAS;1962;-0,100;8;1962-08-01
ASO;1962;-0,150;9;1962-09-01
SON;1962;-0,300;10;1962-10-01
OND;1962;-0,290;11;1962-11-01
NDJ;1962;-0,370;12;1962-12-01
DJF;1963;-0,290;1;1963-01-01
JFM;1963;-0,120;2;1963-02-01
FMA;1963;0,040;3;1963-03-01
MAM;1963;0,060;4;1963-04-01
AMJ;1963;0,010;5;1963-05-01
MJJ;1963;0,370;6;1963-06-01
JJA;1963;0,730;7;1963-07-01
JAS;1963;1,080;8;1963-08-01
ASO;1963;1,070;9;1963-09-01
SON;1963;1,060;10;1963-10-01
OND;1963;1,110;11;1963-11-01
NDJ;1963;1,070;12;1963-12-01
DJF;1964;1,000;1;1964-01-01
JFM;1964;0,600;2;1964-02-01
FMA;1964;0,100;3;1964-03-01
MAM;1964;-0,370;4;1964-04-01
AMJ;1964;-0,660;5;1964-05-01
MJJ;1964;-0,660;6;1964-06-01
JJA;1964;-0,590;7;1964-07-01
JAS;1964;-0,550;8;1964-08-01
ASO;1964;-0,530;9;1964-09-01
SON;1964;-0,640;10;1964-10-01
OND;1964;-0,580;11;1964-11-01
NDJ;1964;-0,480;12;1964-12-01
DJF;1965;-0,160;1;1965-01-01
JFM;1965;0,100;2;1965-02-01
FMA;1965;0,220;3;1965-03-01
MAM;1965;0,360;4;1965-04-01
AMJ;1965;0,640;5;1965-05-01
MJJ;1965;1,010;6;1965-06-01
JJA;1965;1,330;7;1965-07-01
JAS;1965;1,490;8;1965-08-01
ASO;1965;1,760;9;1965-09-01
SON;1965;1,860;10;1965-10-01
OND;1965;1,990;11;1965-11-01
NDJ;1965;1,810;12;1965-12-01
DJF;1966;1,530;1;1966-01-01
JFM;1966;1,290;2;1966-02-01
FMA;1966;1,040;3;1966-03-01
MAM;1966;0,590;4;1966-04-01
AMJ;1966;0,310;5;1966-05-01
MJJ;1966;0,220;6;1966-06-01
JJA;1966;0,320;7;1966-07-01
JAS;1966;0,190;8;1966-08-01
ASO;1966;0,000;9;1966-09-01
SON;1966;-0,030;10;1966-10-01
OND;1966;-0,120;11;1966-11-01
NDJ;1966;-0,220;12;1966-12-01
DJF;1967;-0,260;1;1967-01-01
JFM;1967;-0,240;2;1967-02-01
FMA;1967;-0,350;3;1967-03-01
MAM;1967;-0,310;4;1967-04-01
AMJ;1967;-0,090;5;1967-05-01
MJJ;1967;0,210;6;1967-06-01
JJA;1967;0,250;7;1967-07-01
JAS;1967;-0,010;8;1967-08-01
ASO;1967;-0,110;9;1967-09-01
SON;1967;-0,080;10;1967-10-01
OND;1967;0,010;11;1967-11-01
NDJ;1967;-0,030;12;1967-12-01
DJF;1968;-0,230;1;1968-01-01
JFM;1968;-0,360;2;1968-02-01
FMA;1968;-0,320;3;1968-03-01
MAM;1968;-0,260;4;1968-04-01
AMJ;1968;0,070;5;1968-05-01
MJJ;1968;0,320;6;1968-06-01
JJA;1968;0,560;7;1968-07-01
JAS;1968;0,460;8;1968-08-01
ASO;1968;0,390;9;1968-09-01
SON;1968;0,560;10;1968-10-01
OND;1968;0,740;11;1968-11-01
NDJ;1968;1,020;12;1968-12-01
DJF;1969;1,070;1;1969-01-01
JFM;1969;1,000;2;1969-02-01
FMA;1969;0,670;3;1969-03-01
MAM;1969;0,440;4;1969-04-01
AMJ;1969;0,370;5;1969-05-01
MJJ;1969;0,300;6;1969-06-01
JJA;1969;0,280;7;1969-07-01
JAS;1969;0,340;8;1969-08-01
ASO;1969;0,570;9;1969-09-01
SON;1969;0,670;10;1969-10-01
OND;1969;0,810;11;1969-11-01
NDJ;1969;0,680;12;1969-12-01
DJF;1970;0,460;1;1970-01-01
JFM;1970;0,210;2;1970-02-01
FMA;1970;0,240;3;1970-03-01
MAM;1970;0,240;4;1970-04-01
AMJ;1970;0,120;5;1970-05-01
MJJ;1970;-0,230;6;1970-06-01
JJA;1970;-0,470;7;1970-07-01
JAS;1970;-0,640;8;1970-08-01
ASO;1970;-0,550;9;1970-09-01
SON;1970;-0,570;10;1970-10-01
OND;1970;-0,550;11;1970-11-01
NDJ;1970;-0,850;12;1970-12-01
DJF;1971;-0,950;1;1971-01-01
JFM;1971;-1,000;2;1971-02-01
FMA;1971;-0,780;3;1971-03-01
MAM;1971;-0,570;4;1971-04-01
AMJ;1971;-0,480;5;1971-05-01
MJJ;1971;-0,370;6;1971-06-01
JJA;1971;-0,300;7;1971-07-01
JAS;1971;-0,250;8;1971-08-01
ASO;1971;-0,300;9;1971-09-01
SON;1971;-0,400;10;1971-10-01
OND;1971;-0,410;11;1971-11-01
NDJ;1971;-0,380;12;1971-12-01
DJF;1972;-0,210;1;1972-01-01
JFM;1972;0,030;2;1972-02-01
FMA;1972;0,320;3;1972-03-01
MAM;1972;0,510;4;1972-04-01
AMJ;1972;0,660;5;1972-05-01
MJJ;1972;0,870;6;1972-06-01
JJA;1972;1,140;7;1972-07-01
JAS;1972;1,400;8;1972-08-01
ASO;1972;1,640;9;1972-09-01
SON;1972;1,820;10;1972-10-01
OND;1972;1,970;11;1972-11-01
NDJ;1972;1,880;12;1972-12-01
DJF;1973;1,690;1;1973-01-01
JFM;1973;1,250;2;1973-02-01
FMA;1973;0,580;3;1973-03-01
MAM;1973;-0,170;4;1973-04-01
AMJ;1973;-0,730;5;1973-05-01
MJJ;1973;-0,980;6;1973-06-01
JJA;1973;-1,100;7;1973-07-01
JAS;1973;-1,190;8;1973-08-01
ASO;1973;-1,300;9;1973-09-01
SON;1973;-1,630;10;1973-10-01
OND;1973;-1,860;11;1973-11-01
NDJ;1973;-1,910;12;1973-12-01
DJF;1974;-1,600;1;1974-01-01
JFM;1974;-1,280;2;1974-02-01
FMA;1974;-0,970;3;1974-03-01
MAM;1974;-0,840;4;1974-04-01
AMJ;1974;-0,570;5;1974-05-01
MJJ;1974;-0,500;6;1974-06-01
JJA;1974;-0,270;7;1974-07-01
JAS;1974;-0,210;8;1974-08-01
ASO;1974;-0,240;9;1974-09-01
SON;1974;-0,450;10;1974-10-01
OND;1974;-0,590;11;1974-11-01
NDJ;1974;-0,350;12;1974-12-01
DJF;1975;-0,120;1;1975-01-01
JFM;1975;-0,130;2;1975-02-01
FMA;1975;-0,290;3;1975-03-01
MAM;1975;-0,420;4;1975-04-01
AMJ;1975;-0,610;5;1975-05-01
MJJ;1975;-0,730;6;1975-06-01
JJA;1975;-0,870;7;1975-07-01
JAS;1975;-0,880;8;1975-08-01
ASO;1975;-0,980;9;1975-09-01
SON;1975;-0,950;10;1975-10-01
OND;1975;-1,020;11;1975-11-01
NDJ;1975;-1,110;12;1975-12-01
DJF;1976;-1,000;1;1976-01-01
JFM;1976;-0,650;2;1976-02-01
FMA;1976;-0,260;3;1976-03-01
MAM;1976;-0,140;4;1976-04-01
AMJ;1976;0,010;5;1976-05-01
MJJ;1976;0,270;6;1976-06-01
JJA;1976;0,520;7;1976-07-01
JAS;1976;0,720;8;1976-08-01
ASO;1976;0,890;9;1976-09-01
SON;1976;1,040;10;1976-10-01
OND;1976;1,050;11;1976-11-01
NDJ;1976;1,080;12;1976-12-01
DJF;1977;0,960;1;1977-01-01
JFM;1977;0,890;2;1977-02-01
FMA;1977;0,460;3;1977-03-01
MAM;1977;0,320;4;1977-04-01
AMJ;1977;0,250;5;1977-05-01
MJJ;1977;0,510;6;1977-06-01
JJA;1977;0,480;7;1977-07-01
JAS;1977;0,480;8;1977-08-01
ASO;1977;0,620;9;1977-09-01
SON;1977;0,890;10;1977-10-01
OND;1977;1,100;11;1977-11-01
NDJ;1977;1,050;12;1977-12-01
DJF;1978;0,960;1;1978-01-01
JFM;1978;0,710;2;1978-02-01
FMA;1978;0,260;3;1978-03-01
MAM;1978;-0,070;4;1978-04-01
AMJ;1978;-0,330;5;1978-05-01
MJJ;1978;-0,250;6;1978-06-01
JJA;1978;-0,320;7;1978-07-01
JAS;1978;-0,270;8;1978-08-01
ASO;1978;-0,270;9;1978-09-01
SON;1978;-0,080;10;1978-10-01
OND;1978;0,150;11;1978-11-01
NDJ;1978;0,270;12;1978-12-01
DJF;1979;0,350;1;1979-01-01
JFM;1979;0,300;2;1979-02-01
FMA;1979;0,300;3;1979-03-01
MAM;1979;0,230;4;1979-04-01
AMJ;1979;0,130;5;1979-05-01
MJJ;1979;0,030;6;1979-06-01
JJA;1979;0,040;7;1979-07-01
JAS;1979;0,260;8;1979-08-01
ASO;1979;0,410;9;1979-09-01
SON;1979;0,520;10;1979-10-01
OND;1979;0,520;11;1979-11-01
NDJ;1979;0,640;12;1979-12-01
DJF;1980;0,650;1;1980-01-01
JFM;1980;0,450;2;1980-02-01
FMA;1980;0,250;3;1980-03-01
MAM;1980;0,140;4;1980-04-01
AMJ;1980;0,270;5;1980-05-01
MJJ;1980;0,280;6;1980-06-01
JJA;1980;0,140;7;1980-07-01
JAS;1980;-0,100;8;1980-08-01
ASO;1980;-0,180;9;1980-09-01
SON;1980;-0,060;10;1980-10-01
OND;1980;0,140;11;1980-11-01
NDJ;1980;0,090;12;1980-12-01
DJF;1981;-0,030;1;1981-01-01
JFM;1981;-0,180;2;1981-02-01
FMA;1981;-0,280;3;1981-03-01
MAM;1981;-0,240;4;1981-04-01
AMJ;1981;-0,300;5;1981-05-01
MJJ;1981;-0,260;6;1981-06-01
JJA;1981;-0,230;7;1981-07-01
JAS;1981;-0,160;8;1981-08-01
ASO;1981;-0,020;9;1981-09-01
SON;1981;-0,170;10;1981-10-01
OND;1981;-0,210;11;1981-11-01
NDJ;1981;-0,080;12;1981-12-01
DJF;1982;0,110;1;1982-01-01
JFM;1982;0,220;2;1982-02-01
FMA;1982;0,230;3;1982-03-01
MAM;1982;0,460;4;1982-04-01
AMJ;1982;0,740;5;1982-05-01
MJJ;1982;0,840;6;1982-06-01
JJA;1982;0,890;7;1982-07-01
JAS;1982;1,140;8;1982-08-01
ASO;1982;1,640;9;1982-09-01
SON;1982;2,030;10;1982-10-01
OND;1982;2,240;11;1982-11-01
NDJ;1982;2,360;12;1982-12-01
DJF;1983;2,400;1;1983-01-01
JFM;1983;2,150;2;1983-02-01
FMA;1983;1,670;3;1983-03-01
MAM;1983;1,300;4;1983-04-01
AMJ;1983;0,870;5;1983-05-01
MJJ;1983;0,470;6;1983-06-01
JJA;1983;0,030;7;1983-07-01
JAS;1983;-0,230;8;1983-08-01
ASO;1983;-0,590;9;1983-09-01
SON;1983;-0,900;10;1983-10-01
OND;1983;-1,100;11;1983-11-01
NDJ;1983;-0,960;12;1983-12-01
DJF;1984;-0,630;1;1984-01-01
JFM;1984;-0,520;2;1984-02-01
FMA;1984;-0,450;3;1984-03-01
MAM;1984;-0,590;4;1984-04-01
AMJ;1984;-0,620;5;1984-05-01
MJJ;1984;-0,510;6;1984-06-01
JJA;1984;-0,320;7;1984-07-01
JAS;1984;-0,170;8;1984-08-01
ASO;1984;-0,280;9;1984-09-01
SON;1984;-0,610;10;1984-10-01
OND;1984;-0,880;11;1984-11-01
NDJ;1984;-0,930;12;1984-12-01
DJF;1985;-0,830;1;1985-01-01
JFM;1985;-0,680;2;1985-02-01
FMA;1985;-0,750;3;1985-03-01
MAM;1985;-0,760;4;1985-04-01
AMJ;1985;-0,770;5;1985-05-01
MJJ;1985;-0,550;6;1985-06-01
JJA;1985;-0,330;7;1985-07-01
JAS;1985;-0,200;8;1985-08-01
ASO;1985;-0,160;9;1985-09-01
SON;1985;-0,180;10;1985-10-01
OND;1985;-0,140;11;1985-11-01
NDJ;1985;-0,210;12;1985-12-01
DJF;1986;-0,260;1;1986-01-01
JFM;1986;-0,270;2;1986-02-01
FMA;1986;-0,190;3;1986-03-01
MAM;1986;-0,140;4;1986-04-01
AMJ;1986;-0,110;5;1986-05-01
MJJ;1986;-0,010;6;1986-06-01
JJA;1986;0,260;7;1986-07-01
JAS;1986;0,570;8;1986-08-01
ASO;1986;0,790;9;1986-09-01
SON;1986;1,000;10;1986-10-01
OND;1986;1,220;11;1986-11-01
NDJ;1986;1,420;12;1986-12-01
DJF;1987;1,460;1;1987-01-01
JFM;1987;1,350;2;1987-02-01
FMA;1987;1,140;3;1987-03-01
MAM;1987;0,930;4;1987-04-01
AMJ;1987;0,850;5;1987-05-01
MJJ;1987;0,940;6;1987-06-01
JJA;1987;1,110;7;1987-07-01
JAS;1987;1,300;8;1987-08-01
ASO;1987;1,340;9;1987-09-01
SON;1987;1,200;10;1987-10-01
OND;1987;0,980;11;1987-11-01
NDJ;1987;0,800;12;1987-12-01
DJF;1988;0,450;1;1988-01-01
JFM;1988;0,110;2;1988-02-01
FMA;1988;-0,400;3;1988-03-01
MAM;1988;-0,910;4;1988-04-01
AMJ;1988;-1,490;5;1988-05-01
MJJ;1988;-1,740;6;1988-06-01
JJA;1988;-1,640;7;1988-07-01
JAS;1988;-1,360;8;1988-08-01
ASO;1988;-1,440;9;1988-09-01
SON;1988;-1,710;10;1988-10-01
OND;1988;-1,950;11;1988-11-01
NDJ;1988;-1,940;12;1988-12-01
DJF;1989;-1,640;1;1989-01-01
JFM;1989;-1,370;2;1989-02-01
FMA;1989;-1,110;3;1989-03-01
MAM;1989;-0,890;4;1989-04-01
AMJ;1989;-0,650;5;1989-05-01
MJJ;1989;-0,430;6;1989-06-01
JJA;1989;-0,410;7;1989-07-01
JAS;1989;-0,380;8;1989-08-01
ASO;1989;-0,310;9;1989-09-01
SON;1989;-0,230;10;1989-10-01
OND;1989;-0,080;11;1989-11-01
NDJ;1989;0,060;12;1989-12-01
DJF;1990;0,320;1;1990-01-01
JFM;1990;0,300;2;1990-02-01
FMA;1990;0,320;3;1990-03-01
MAM;1990;0,260;4;1990-04-01
AMJ;1990;0,190;5;1990-05-01
MJJ;1990;0,200;6;1990-06-01
JJA;1990;0,210;7;1990-07-01
JAS;1990;0,330;8;1990-08-01
ASO;1990;0,330;9;1990-09-01
SON;1990;0,270;10;1990-10-01
OND;1990;0,300;11;1990-11-01
NDJ;1990;0,430;12;1990-12-01
DJF;1991;0,570;1;1991-01-01
JFM;1991;0,530;2;1991-02-01
FMA;1991;0,420;3;1991-03-01
MAM;1991;0,420;4;1991-04-01
AMJ;1991;0,560;5;1991-05-01
MJJ;1991;0,700;6;1991-06-01
JJA;1991;0,860;7;1991-07-01
JAS;1991;0,830;8;1991-08-01
ASO;1991;1,010;9;1991-09-01
SON;1991;1,200;10;1991-10-01
OND;1991;1,660;11;1991-11-01
NDJ;1991;1,970;12;1991-12-01
DJF;1992;2,120;1;1992-01-01
JFM;1992;2,080;2;1992-02-01
FMA;1992;1,940;3;1992-03-01
MAM;1992;1,760;4;1992-04-01
AMJ;1992;1,400;5;1992-05-01
MJJ;1992;0,930;6;1992-06-01
JJA;1992;0,520;7;1992-07-01
JAS;1992;0,300;8;1992-08-01
ASO;1992;0,130;9;1992-09-01
SON;1992;0,100;10;1992-10-01
OND;1992;0,120;11;1992-11-01
NDJ;1992;0,350;12;1992-12-01
DJF;1993;0,550;1;1993-01-01
JFM;1993;0,700;2;1993-02-01
FMA;1993;0,860;3;1993-03-01
MAM;1993;1,060;4;1993-04-01
AMJ;1993;1,000;5;1993-05-01
MJJ;1993;0,770;6;1993-06-01
JJA;1993;0,450;7;1993-07-01
JAS;1993;0,460;8;1993-08-01
ASO;1993;0,480;9;1993-09-01
SON;1993;0,460;10;1993-10-01
OND;1993;0,440;11;1993-11-01
NDJ;1993;0,420;12;1993-12-01
DJF;1994;0,330;1;1994-01-01
JFM;1994;0,240;2;1994-02-01
FMA;1994;0,230;3;1994-03-01
MAM;1994;0,320;4;1994-04-01
AMJ;1994;0,400;5;1994-05-01
MJJ;1994;0,410;6;1994-06-01
JJA;1994;0,530;7;1994-07-01
JAS;1994;0,600;8;1994-08-01
ASO;1994;0,790;9;1994-09-01
SON;1994;0,970;10;1994-10-01
OND;1994;1,230;11;1994-11-01
NDJ;1994;1,280;12;1994-12-01
DJF;1995;1,170;1;1995-01-01
JFM;1995;0,860;2;1995-02-01
FMA;1995;0,550;3;1995-03-01
MAM;1995;0,200;4;1995-04-01
AMJ;1995;-0,070;5;1995-05-01
MJJ;1995;-0,230;6;1995-06-01
JJA;1995;-0,410;7;1995-07-01
JAS;1995;-0,570;8;1995-08-01
ASO;1995;-0,760;9;1995-09-01
SON;1995;-0,930;10;1995-10-01
OND;1995;-1,020;11;1995-11-01
NDJ;1995;-0,990;12;1995-12-01
DJF;1996;-0,870;1;1996-01-01
JFM;1996;-0,750;2;1996-02-01
FMA;1996;-0,580;3;1996-03-01
MAM;1996;-0,370;4;1996-04-01
AMJ;1996;-0,250;5;1996-05-01
MJJ;1996;-0,240;6;1996-06-01
JJA;1996;-0,200;7;1996-07-01
JAS;1996;-0,200;8;1996-08-01
ASO;1996;-0,200;9;1996-09-01
SON;1996;-0,250;10;1996-10-01
OND;1996;-0,300;11;1996-11-01
NDJ;1996;-0,290;12;1996-12-01
DJF;1997;-0,210;1;1997-01-01
JFM;1997;-0,030;2;1997-02-01
FMA;1997;0,170;3;1997-03-01
MAM;1997;0,470;4;1997-04-01
AMJ;1997;0,830;5;1997-05-01
MJJ;1997;1,200;6;1997-06-01
JJA;1997;1,500;7;1997-07-01
JAS;1997;1,840;8;1997-08-01
ASO;1997;2,070;9;1997-09-01
SON;1997;2,220;10;1997-10-01
OND;1997;2,250;11;1997-11-01
NDJ;1997;2,280;12;1997-12-01
DJF;1998;2,130;1;1998-01-01
JFM;1998;1,820;2;1998-02-01
FMA;1998;1,220;3;1998-03-01
MAM;1998;0,810;4;1998-04-01
AMJ;1998;0,070;5;1998-05-01
MJJ;1998;-0,460;6;1998-06-01
JJA;1998;-1,050;7;1998-07-01
JAS;1998;-1,140;8;1998-08-01
ASO;1998;-1,240;9;1998-09-01
SON;1998;-1,330;10;1998-10-01
OND;1998;-1,510;11;1998-11-01
NDJ;1998;-1,610;12;1998-12-01
DJF;1999;-1,560;1;1999-01-01
JFM;1999;-1,280;2;1999-02-01
FMA;1999;-0,990;3;1999-03-01
MAM;1999;-0,880;4;1999-04-01
AMJ;1999;-0,810;5;1999-05-01
MJJ;1999;-0,820;6;1999-06-01
JJA;1999;-0,830;7;1999-07-01
JAS;1999;-0,860;8;1999-08-01
ASO;1999;-0,870;9;1999-09-01
SON;1999;-1,060;10;1999-10-01
OND;1999;-1,330;11;1999-11-01
NDJ;1999;-1,560;12;1999-12-01
DJF;2000;-1,500;1;2000-01-01
JFM;2000;-1,310;2;2000-02-01
FMA;2000;-1,060;3;2000-03-01
MAM;2000;-0,880;4;2000-04-01
AMJ;2000;-0,680;5;2000-05-01
MJJ;2000;-0,540;6;2000-06-01
JJA;2000;-0,350;7;2000-07-01
JAS;2000;-0,290;8;2000-08-01
ASO;2000;-0,360;9;2000-09-01
SON;2000;-0,550;10;2000-10-01
OND;2000;-0,790;11;2000-11-01
NDJ;2000;-0,820;12;2000-12-01
DJF;2001;-0,790;1;2001-01-01
JFM;2001;-0,620;2;2001-02-01
FMA;2001;-0,550;3;2001-03-01
MAM;2001;-0,410;4;2001-04-01
AMJ;2001;-0,280;5;2001-05-01
MJJ;2001;-0,080;6;2001-06-01
JJA;2001;0,010;7;2001-07-01
JAS;2001;-0,020;8;2001-08-01
ASO;2001;-0,050;9;2001-09-01
SON;2001;-0,180;10;2001-10-01
OND;2001;-0,270;11;2001-11-01
NDJ;2001;-0,320;12;2001-12-01
DJF;2002;-0,160;1;2002-01-01
JFM;2002;0,010;2;2002-02-01
FMA;2002;0,030;3;2002-03-01
MAM;2002;0,050;4;2002-04-01
AMJ;2002;0,220;5;2002-05-01
MJJ;2002;0,440;6;2002-06-01
JJA;2002;0,640;7;2002-07-01
JAS;2002;0,800;8;2002-08-01
ASO;2002;0,970;9;2002-09-01
SON;2002;1,180;10;2002-10-01
OND;2002;1,330;11;2002-11-01
NDJ;2002;1,130;12;2002-12-01
DJF;2003;0,850;1;2003-01-01
JFM;2003;0,470;2;2003-02-01
FMA;2003;0,230;3;2003-03-01
MAM;2003;-0,190;4;2003-04-01
AMJ;2003;-0,340;5;2003-05-01
MJJ;2003;-0,240;6;2003-06-01
JJA;2003;0,040;7;2003-07-01
JAS;2003;0,090;8;2003-08-01
ASO;2003;0,170;9;2003-09-01
SON;2003;0,170;10;2003-10-01
OND;2003;0,250;11;2003-11-01
NDJ;2003;0,220;12;2003-12-01
DJF;2004;0,230;1;2004-01-01
JFM;2004;0,120;2;2004-02-01
FMA;2004;0,070;3;2004-03-01
MAM;2004;0,090;4;2004-04-01
AMJ;2004;0,180;5;2004-05-01
MJJ;2004;0,360;6;2004-06-01
JJA;2004;0,540;7;2004-07-01
JAS;2004;0,690;8;2004-08-01
ASO;2004;0,710;9;2004-09-01
SON;2004;0,700;10;2004-10-01
OND;2004;0,700;11;2004-11-01
NDJ;2004;0,690;12;2004-12-01
DJF;2005;0,540;1;2005-01-01
JFM;2005;0,400;2;2005-02-01
FMA;2005;0,260;3;2005-03-01
MAM;2005;0,250;4;2005-04-01
AMJ;2005;0,200;5;2005-05-01
MJJ;2005;0,050;6;2005-06-01
JJA;2005;-0,060;7;2005-07-01
JAS;2005;-0,110;8;2005-08-01
ASO;2005;-0,040;9;2005-09-01
SON;2005;-0,180;10;2005-10-01
OND;2005;-0,500;11;2005-11-01
NDJ;2005;-0,810;12;2005-12-01
DJF;2006;-0,900;1;2006-01-01
JFM;2006;-0,870;2;2006-02-01
FMA;2006;-0,690;3;2006-03-01
MAM;2006;-0,490;4;2006-04-01
AMJ;2006;-0,190;5;2006-05-01
MJJ;2006;-0,050;6;2006-06-01
JJA;2006;0,150;7;2006-07-01
JAS;2006;0,360;8;2006-08-01
ASO;2006;0,570;9;2006-09-01
SON;2006;0,730;10;2006-10-01
OND;2006;0,910;11;2006-11-01
NDJ;2006;0,890;12;2006-12-01
DJF;2007;0,600;1;2007-01-01
JFM;2007;0,160;2;2007-02-01
FMA;2007;-0,150;3;2007-03-01
MAM;2007;-0,330;4;2007-04-01
AMJ;2007;-0,360;5;2007-05-01
MJJ;2007;-0,440;6;2007-06-01
JJA;2007;-0,500;7;2007-07-01
JAS;2007;-0,790;8;2007-08-01
ASO;2007;-1,040;9;2007-09-01
SON;2007;-1,330;10;2007-10-01
OND;2007;-1,490;11;2007-11-01
NDJ;2007;-1,650;12;2007-12-01
DJF;2008;-1,730;1;2008-01-01
JFM;2008;-1,620;2;2008-02-01
FMA;2008;-1,390;3;2008-03-01
MAM;2008;-1,040;4;2008-04-01
AMJ;2008;-0,800;5;2008-05-01
MJJ;2008;-0,460;6;2008-06-01
JJA;2008;-0,240;7;2008-07-01
JAS;2008;-0,170;8;2008-08-01
ASO;2008;-0,260;9;2008-09-01
SON;2008;-0,380;10;2008-10-01
OND;2008;-0,600;11;2008-11-01
NDJ;2008;-0,860;12;2008-12-01
DJF;2009;-0,960;1;2009-01-01
JFM;2009;-0,920;2;2009-02-01
FMA;2009;-0,700;3;2009-03-01
MAM;2009;-0,430;4;2009-04-01
AMJ;2009;-0,050;5;2009-05-01
MJJ;2009;0,240;6;2009-06-01
JJA;2009;0,350;7;2009-07-01
JAS;2009;0,420;8;2009-08-01
ASO;2009;0,530;9;2009-09-01
SON;2009;0,860;10;2009-10-01
OND;2009;1,290;11;2009-11-01
NDJ;2009;1,500;12;2009-12-01
DJF;2010;1,440;1;2010-01-01
JFM;2010;1,110;2;2010-02-01
FMA;2010;0,690;3;2010-03-01
MAM;2010;0,100;4;2010-04-01
AMJ;2010;-0,500;5;2010-05-01
MJJ;2010;-0,970;6;2010-06-01
JJA;2010;-1,210;7;2010-07-01
JAS;2010;-1,390;8;2010-08-01
ASO;2010;-1,540;9;2010-09-01
SON;2010;-1,610;10;2010-10-01
OND;2010;-1,630;11;2010-11-01
NDJ;2010;-1,550;12;2010-12-01
DJF;2011;-1,420;1;2011-01-01
JFM;2011;-1,210;2;2011-02-01
FMA;2011;-0,970;3;2011-03-01
MAM;2011;-0,760;4;2011-04-01
AMJ;2011;-0,520;5;2011-05-01
MJJ;2011;-0,290;6;2011-06-01
JJA;2011;-0,290;7;2011-07-01
JAS;2011;-0,410;8;2011-08-01
ASO;2011;-0,700;9;2011-09-01
SON;2011;-0,910;10;2011-10-01
OND;2011;-1,020;11;2011-11-01
NDJ;2011;-0,960;12;2011-12-01
DJF;2012;-0,770;1;2012-01-01
JFM;2012;-0,600;2;2012-02-01
FMA;2012;-0,500;3;2012-03-01
MAM;2012;-0,420;4;2012-04-01
AMJ;2012;-0,260;5;2012-05-01
MJJ;2012;0,010;6;2012-06-01
JJA;2012;0,330;7;2012-07-01
JAS;2012;0,430;8;2012-08-01
ASO;2012;0,370;9;2012-09-01
SON;2012;0,210;10;2012-10-01
OND;2012;-0,030;11;2012-11-01
NDJ;2012;-0,270;12;2012-12-01
DJF;2013;-0,550;1;2013-01-01
JFM;2013;-0,570;2;2013-02-01
FMA;2013;-0,490;3;2013-03-01
MAM;2013;-0,440;4;2013-04-01
AMJ;2013;-0,480;5;2013-05-01
MJJ;2013;-0,480;6;2013-06-01
JJA;2013;-0,480;7;2013-07-01
JAS;2013;-0,380;8;2013-08-01
ASO;2013;-0,380;9;2013-09-01
SON;2013;-0,220;10;2013-10-01
OND;2013;-0,230;11;2013-11-01
NDJ;2013;-0,270;12;2013-12-01
DJF;2014;-0,430;1;2014-01-01
JFM;2014;-0,380;2;2014-02-01
FMA;2014;-0,150;3;2014-03-01
MAM;2014;0,110;4;2014-04-01
AMJ;2014;0,150;5;2014-05-01
MJJ;2014;0,000;6;2014-06-01
JJA;2014;-0,140;7;2014-07-01
JAS;2014;-0,090;8;2014-08-01
ASO;2014;0,060;9;2014-09-01
SON;2014;0,350;10;2014-10-01
OND;2014;0,540;11;2014-11-01
NDJ;2014;0,620;12;2014-12-01
DJF;2015;0,540;1;2015-01-01
JFM;2015;0,470;2;2015-02-01
FMA;2015;0,590;3;2015-03-01
MAM;2015;0,720;4;2015-04-01
AMJ;2015;0,890;5;2015-05-01
MJJ;2015;1,020;6;2015-06-01
JJA;2015;1,270;7;2015-07-01
JAS;2015;1,540;8;2015-08-01
ASO;2015;1,800;9;2015-09-01
SON;2015;2,030;10;2015-10-01
OND;2015;2,180;11;2015-11-01
NDJ;2015;2,250;12;2015-12-01
DJF;2016;2,140;1;2016-01-01
JFM;2016;1,810;2;2016-02-01
FMA;2016;1,300;3;2016-03-01
MAM;2016;0,650;4;2016-04-01
AMJ;2016;0,080;5;2016-05-01
MJJ;2016;-0,430;6;2016-06-01
JJA;2016;-0,700;7;2016-07-01
JAS;2016;-0,810;8;2016-08-01
ASO;2016;-0,880;9;2016-09-01
SON;2016;-0,960;10;2016-10-01
OND;2016;-0,960;11;2016-11-01
NDJ;2016;-0,890;12;2016-12-01
DJF;2017;-0,600;1;2017-01-01
JFM;2017;-0,440;2;2017-02-01
FMA;2017;-0,180;3;2017-03-01
MAM;2017;-0,100;4;2017-04-01
AMJ;2017;-0,020;5;2017-05-01
MJJ;2017;-0,040;6;2017-06-01
JJA;2017;-0,230;7;2017-07-01
JAS;2017;-0,460;8;2017-08-01
ASO;2017;-0,620;9;2017-09-01
SON;2017;-0,820;10;2017-10-01
OND;2017;-0,970;11;2017-11-01
NDJ;2017;-1,140;12;2017-12-01
DJF;2018;-1,080;1;2018-01-01
JFM;2018;-1,040;2;2018-02-01
FMA;2018;-0,900;3;2018-03-01
MAM;2018;-0,690;4;2018-04-01
AMJ;2018;-0,330;5;2018-05-01
MJJ;2018;-0,020;6;2018-06-01
JJA;2018;0,080;7;2018-07-01
JAS;2018;0,160;8;2018-08-01
ASO;2018;0,350;9;2018-09-01
SON;2018;0,620;10;2018-10-01
OND;2018;0,820;11;2018-11-01
NDJ;2018;0,780;12;2018-12-01
DJF;2019;0,680;1;2019-01-01
JFM;2019;0,640;2;2019-02-01
FMA;2019;0,570;3;2019-03-01
MAM;2019;0,530;4;2019-04-01
AMJ;2019;0,370;5;2019-05-01
MJJ;2019;0,240;6;2019-06-01
JJA;2019;0,040;7;2019-07-01
JAS;2019;-0,120;8;2019-08-01
ASO;2019;-0,010;9;2019-09-01
SON;2019;0,150;10;2019-10-01
OND;2019;0,290;11;2019-11-01
NDJ;2019;0,220;12;2019-12-01
DJF;2020;0,140;1;2020-01-01
JFM;2020;0,100;2;2020-02-01
FMA;2020;0,020;3;2020-03-01
MAM;2020;-0,250;4;2020-04-01
AMJ;2020;-0,550;5;2020-05-01
MJJ;2020;-0,720;6;2020-06-01
JJA;2020;-0,760;7;2020-07-01
JAS;2020;-0,850;8;2020-08-01
ASO;2020;-1,160;9;2020-09-01
SON;2020;-1,370;10;2020-10-01
OND;2020;-1,460;11;2020-11-01
NDJ;2020;-1,390;12;2020-12-01
DJF;2021;-1,320;1;2021-01-01
JFM;2021;-1,180;2;2021-02-01
FMA;2021;-1,080;3;2021-03-01
MAM;2021;-0,890;4;2021-04-01
AMJ;2021;-0,680;5;2021-05-01
MJJ;2021;-0,570;6;2021-06-01
JJA;2021;-0,600;7;2021-07-01
JAS;2021;-0,760;8;2021-08-01
ASO;2021;-0,950;9;2021-09-01
SON;2021;-1,080;10;2021-10-01
OND;2021;-1,240;11;2021-11-01
NDJ;2021;-1,220;12;2021-12-01
DJF;2022;-1,180;1;2022-01-01
JFM;2022;-1,130;2;2022-02-01
FMA;2022;-1,190;3;2022-03-01
MAM;2022;-1,260;4;2022-04-01
AMJ;2022;-1,170;5;2022-05-01
MJJ;2022;-0,950;6;2022-06-01
JJA;2022;-0,860;7;2022-07-01
JAS;2022;-0,940;8;2022-08-01
ASO;2022;-1,070;9;2022-09-01
SON;2022;-1,100;10;2022-10-01
OND;2022;-1,050;11;2022-11-01
NDJ;2022;-0,990;12;2022-12-01
DJF;2023;-0,860;1;2023-01-01
JFM;2023;-0,680;2;2023-02-01
FMA;2023;-0,550;3;2023-03-01
MAM;2023;-0,310;4;2023-04-01
AMJ;2023;-0,040;5;2023-05-01
MJJ;2023;0,280;6;2023-06-01
JJA;2023;0,540;7;2023-07-01
JAS;2023;0,790;8;2023-08-01
ASO;2023;1,040;9;2023-09-01
SON;2023;1,300;10;2023-10-01
OND;2023;1,420;11;2023-11-01
NDJ;2023;1,400;12;2023-12-01
DJF;2024;1,130;1;2024-01-01
JFM;2024;0,780;2;2024-02-01
FMA;2024;0,420;3;2024-03-01
MAM;2024;0,040;4;2024-04-01
AMJ;2024;-0,280;5;2024-05-01
MJJ;2024;-0,450;6;2024-06-01
JJA;2024;-0,490;7;2024-07-01
JAS;2024;-0,560;8;2024-08-01
ASO;2024;-0,670;9;2024-09-01
SON;2024;-0,760;10;2024-10-01
OND;2024;-0,880;11;2024-11-01
NDJ;2024;-1,050;12;2024-12-01
DJF;2025;-1,100;1;2025-01-01
JFM;2025;-0,850;2;2025-02-01
FMA;2025;-0,660;3;2025-03-01
MAM;2025;-0,500;4;2025-04-01
AMJ;2025;-0,480;5;2025-05-01
MJJ;2025;-0,360;6;2025-06-01
JJA;2025;-0,410;7;2025-07-01
JAS;2025;-0,590;8;2025-08-01
ASO;2025;-0,780;9;2025-09-01
SON;2025;-0,930;10;2025-10-01
OND;2025;-0,980;11;2025-11-01
NDJ;2025;-1,040;12;2025-12-01
DJF;2026;-0,910;1;2026-01-01
JFM;2026;-0,760;2;2026-02-01
FMA;2026;-0,440;3;2026-03-01
MAM;2026;-0,040;4;2026-04-01
AMJ;2026;0,490;5;2026-05-01
MJJ;2026;0,970;6;2026-06-01
JJA;2026;1,360;7;2026-07-01
