Data;nino34;tipo;RONI/3.4;Temporada;Fase
2026-02-01;-0,650;observado;-0,692;JFM;La Niña
2026-03-01;-0,550;observado;-0,387;FMA;Neutro
2026-04-01;0,040;observado;-0,020;MAM;Neutro
2026-05-01;0,450;observado;0,488;AMJ;Neutro
2026-06-01;0,975;observado;0,935;MJJ;El Niño
2026-07-01;1,380;observado;1,377;JJA;El Niño
2026-08-01;1,775;observado;1,735;JAS;El Niño
2026-09-01;2,051;observado;2,087;ASO;El Niño
2026-10-01;2,434;previsto;2,412;SON;El Niño
2026-11-01;2,752;previsto;2,764;OND;El Niño
2026-12-01;3,106;previsto;3,066;NDJ;El Niño
