;HW;SARIMA;ENSEMBLE;IC_lower;IC_upper
2026-09-16;2,058;2,085;2,071;1,935;2,234
2026-09-23;2,135;2,169;2,152;1,955;2,384
2026-09-30;2,212;2,254;2,233;1,988;2,520
2026-10-07;2,288;2,339;2,314;2,027;2,650
2026-10-14;2,364;2,423;2,394;2,071;2,776
2026-10-21;2,440;2,508;2,474;2,117;2,899
2026-10-28;2,515;2,592;2,554;2,165;3,019
2026-11-04;2,590;2,677;2,633;2,215;3,138
2026-11-11;2,665;2,761;2,713;2,266;3,256
2026-11-18;2,739;2,845;2,792;2,317;3,373
2026-11-25;2,812;2,930;2,871;2,370;3,489
2026-12-02;2,886;3,014;2,950;2,423;3,604
2026-12-09;2,959;3,098;3,028;2,477;3,719
2026-12-16;3,031;3,182;3,107;2,531;3,833
2026-12-23;3,104;3,266;3,185;2,586;3,947
2026-12-30;3,176;3,350;3,263;2,641;4,060
2027-01-06;3,247;3,434;3,341;2,696;4,172
